{
  "img_size": 64,
  "num_classes": 50,
  "batch_size": 32,
  "test_accuracy": 0.7838666439056396,
  "test_top3_accuracy": 0.9243999719619751
}